{"CHRISTIAN DIOR UK LIMITED": [0.4166666666666667, 12], "TILDA LIMITED": [0.5833333333333334, 12], "UNITED RESPONSE": [0.8928571428571429, 28], "ELEANOR NURSING AND SOCIAL CARE LIMITED": [0.7777777777777778, 9], "WARD SECURITY LIMITED": [0.875, 8], "SPORTING INDEX LIMITED": [0.8421052631578947, 19], "ENOTRIA WINECELLARS LIMITED": [0.76, 25], "ST. CHRISTOPHERS HOSPICE": [0.88, 25], "XENON SERVICES LIMITED": [0.3333333333333333, 3], "LUCOZADE RIBENA SUNTORY LIMITED": [0.6842105263157895, 19], "J.P. BODEN & CO. LIMITED": [0.8, 20], "JOCKEY CLUB RACECOURSES LIMITED": [0.9130434782608695, 23], "NATIONAL CENTRE FOR SOCIAL RESEARCH": [0.8888888888888888, 18], "TRIGION SECURITY SERVICES LIMITED": [0.8888888888888888, 9], "JEWISH CARE": [0.8214285714285714, 28], "GLOBAL DRAW LIMITED": [0.75, 8], "BEAUTY CONSULTANTS BUREAU (UK) LLP": [1.0, 1], "HARRODS LIMITED": [0.8571428571428571, 28], "HFH HEALTHCARE LIMITED": [1.0, 5], "CIS SECURITY LTD": [0.8, 15], "WARD SECURITY HOLDINGS LIMITED": [0.9090909090909091, 11], "JOY GROUP LTD": [0.75, 4], "DIAGEO GREAT BRITAIN LIMITED": [0.8076923076923077, 26], "MANOR RESTAURANTS (UK) LIMITED": [1.0, 2], "CYCLE TRAINING UK LIMITED": [0.9545454545454546, 22], "G4S HEALTH SERVICES (UK) LIMITED": [0.7368421052631579, 19], "CORDANT SECURITY LIMITED": [0.9090909090909091, 11], "RESPONSE RECRUITMENT LIMITED": [0.42857142857142855, 7], "F I L MARKET RESEARCH LIMITED": [0.9285714285714286, 14], "VOCARE LIMITED": [0.8, 10], "UNIVERSAL COMMERCIAL GUARDING LIMITED": [0.7692307692307693, 13], "AXIS SECURITY SERVICES LIMITED": [0.8571428571428571, 21], "RESOURCES FOR AUTISM": [0.75, 16], "THE LADY ELEANOR HOLLES SCHOOL": [0.9310344827586207, 29], "PERFORM MEDIA SERVICES LTD": [0.6842105263157895, 19], "PLACES FOR PEOPLE LEISURE LIMITED": [0.8571428571428571, 7], "ASPERS (STRATFORD CITY) LIMITED": [0.3333333333333333, 3], "RANC CARE HOMES LIMITED": [1.0, 5], "TENPIN LIMITED": [0.8947368421052632, 19], "MILLWALL HOLDINGS PLC": [0.8, 20], "GROCERY DELIVERY E-SERVICES UK LTD.": [1.0, 5], "KFG QUICKSERVE LIMITED": [0.8333333333333334, 6], "ANCASTER GROUP LIMITED": [0.8, 15], "JAMES ALLEN'S GIRLS' SCHOOL": [0.8, 20], "CNH INDUSTRIAL N.V.": [0.8, 10], "SUGARMAN HEALTH AND WELLBEING LIMITED": [0.9523809523809523, 21], "KOLAK SNACK FOODS LIMITED": [0.14285714285714285, 7], "HILL & KNOWLTON LIMITED": [0.95, 20], "AVENUES SOUTH EAST": [0.8214285714285714, 28], "ALPENBEST LIMITED": [0.6, 5], "BRETT AGGREGATES LIMITED": [1.0, 15], "LONDON CITY BOND LIMITED": [0.6666666666666666, 3], "ARCUS SOLUTIONS LIMITED": [0.9545454545454546, 22], "BOUX AVENUE LIMITED": [0.75, 4], "HABERDASHERS' ASKE'S FEDERATION TRUST": [0.9166666666666666, 24], "ANSCHUTZ SPORTS HOLDINGS LTD.": [0.8333333333333334, 12], "AMAZON VIDEO LIMITED": [0.9, 10], "MARK ALLEN HOLDINGS LIMITED": [0.8333333333333334, 18], "CHARLES DARWIN ACADEMY TRUST": [0.8888888888888888, 27], "DULWICH COLLEGE": [0.5555555555555556, 9], "PEARSON SHARED SERVICES LIMITED": [0.75, 16], "GILEAD SCIENCES EUROPE LTD.": [0.7, 10], "EAST LIFESTYLE LIMITED": [0.4, 5], "TRENCHANT EMPLOYEE SERVICES LIMITED": [0.6666666666666666, 3], "MONZO BANK LIMITED": [0.8333333333333334, 6], "TRINITAS ACADEMY TRUST": [0.6842105263157895, 19], "HAMPTON SCHOOL": [0.7272727272727273, 22], "SAP (UK) LIMITED": [0.8, 20], "ASTON LARK LIMITED": [0.5416666666666666, 24], "HARRODS AVIATION LIMITED": [0.9285714285714286, 28], "IGLU.COM LIMITED": [0.8421052631578947, 19], "COLLINS RIVER ENTERPRISES LIMITED": [1.0, 18], "DANNY SULLIVAN & SONS LTD.": [1.0, 3], "THE PIONEER ACADEMY": [0.8181818181818182, 22], "ALLEYN'S SCHOOL": [0.7272727272727273, 11], "CANON EUROPE LIMITED": [0.7058823529411765, 17], "PHASE EIGHT (FASHION & DESIGNS) LIMITED": [1.0, 26], "SPACE NK LIMITED": [0.7222222222222222, 18], "THOMPSONS SOLICITORS LLP": [0.896551724137931, 29], "WARRENS WAREHOUSING GROUP LIMITED": [0.8333333333333334, 6], "BMT DEFENCE AND SECURITY UK LIMITED": [0.9259259259259259, 27], "ASPIRATIONS ACADEMIES TRUST": [0.8235294117647058, 17], "STIFEL NICOLAUS EUROPE LIMITED": [0.9285714285714286, 28]}