{"ASPIRATIONS ACADEMIES TRUST": [0.8235294117647058, 17], "STIFEL NICOLAUS EUROPE LIMITED": [0.9285714285714286, 28], "LONDON CITY BOND LIMITED": [0.6666666666666666, 3], "AECOM LIMITED": [0.8333333333333334, 30], "GSM LONDON LIMITED": [0.7333333333333333, 15], "CLOSE ASSET MANAGEMENT HOLDINGS LIMITED": [0.8888888888888888, 18], "N2 REALISATIONS LIMITED": [0.8333333333333334, 6], "CLESHAR CONTRACT SERVICES LIMITED": [0.6428571428571429, 14], "THE KEMNAL ACADEMIES TRUST": [0.7272727272727273, 22], "DULWICH PREPARATORY SCHOOLS TRUST": [0.7931034482758621, 29], "CAPITA RESOURCING LIMITED": [0.6818181818181818, 22], "CORDANT CLEANING LIMITED": [0.7333333333333333, 15], "J.P. BODEN & CO. LIMITED": [0.8, 20], "CIVICA UK LIMITED": [0.7941176470588235, 34], "FARFETCH UK LIMITED": [1.0, 5], "AXIS GROUP INTEGRATED SERVICES LIMITED": [1.0, 4], "ST. PAUL'S SCHOOL": [0.7, 20], "UPS LIMITED": [0.8666666666666667, 30]}