{"5 HERTFORD STREET LIMITED": [0.8333333333333334, 6], "ABELLIO EAST ANGLIA LIMITED": [0.8571428571428571, 14], "ACCENTURE (UK) LIMITED": [0.6666666666666666, 18], "ADECCO UK LIMITED": [0.8148148148148148, 27], "AETNA GLOBAL BENEFITS (UK) LIMITED": [0.9545454545454546, 22], "AG SERVICE COMPANY LIMITED": [0.8181818181818182, 11], "AIG EUROPE LIMITED": [0.9090909090909091, 22], "ALEXANDER MANN SOLUTIONS LIMITED": [0.9166666666666666, 12], "ALFA FINANCIAL SOFTWARE LIMITED": [0.8571428571428571, 7], "ALZHEIMER'S SOCIETY": [0.7916666666666666, 24], "ANGARD STAFFING SOLUTIONS LIMITED": [1.0, 7], "ANTALIS LIMITED": [0.8214285714285714, 28], "AON HEWITT LIMITED": [0.8333333333333334, 18], "AON UK LIMITED": [0.7419354838709677, 31], "APPLE (UK) LIMITED": [0.8095238095238095, 21], "APPLE EUROPE LIMITED": [0.6666666666666666, 6], "APPLE RETAIL UK LIMITED": [0.75, 4], "ARTHUR J. GALLAGHER SERVICES (UK) LIMITED": [0.75, 8], "ASHTEAD PLANT HIRE COMPANY LIMITED": [0.9230769230769231, 26], "ASPEN HEALTHCARE LIMITED": [0.6666666666666666, 6], "ASPEN INSURANCE UK SERVICES LIMITED": [0.8, 20], "ASSOCIATED CONTINUITY TEAMS LIMITED": [0.5833333333333334, 12], "AURORA CARE AND EDUCATION HOLDINGS LIMITED": [0.8333333333333334, 6], "AVANADE UK LIMITED": [0.7, 20], "AVIVA EMPLOYMENT SERVICES LIMITED": [0.9310344827586207, 29], "AVIVA INVESTORS EMPLOYMENT SERVICES LIMITED": [0.8888888888888888, 18], "AXA GLOBAL HEALTHCARE (UK) LIMITED": [0.6896551724137931, 29], "AXA GLOBAL SERVICES UK LIMITED": [0.7241379310344828, 29], "AXA ICAS LIMITED": [0.8214285714285714, 28], "AXA INVESTMENT MANAGERS LIMITED": [0.8260869565217391, 23], "AXA PPP HEALTHCARE GROUP LIMITED": [0.875, 24], "AXA SERVICES LIMITED": [0.8571428571428571, 28]}